# The RV1909's names spelled for a Spanish voice (generated by `python -m abible lexicon rv1909`;
# see respell_rv1909). Pattern, then =spelling sent to the voice, then the source.
# Checked by ear on the name reel; corrections go below the generated rows.
Acechâ	=Acecá	RV1909 circumflex convention (ch as k)
Achâb	=Acáb	RV1909 circumflex convention (ch as k)
Achâico	=Acáico	RV1909 circumflex convention (ch as k)
Achân	=Acán	RV1909 circumflex convention (ch as k)
Achâr	=Acár	RV1909 circumflex convention (ch as k)
Achâz	=Acáz	RV1909 circumflex convention (ch as k)
Achîa	=Aquía	RV1909 circumflex convention (ch as k)
Achîas	=Aquías	RV1909 circumflex convention (ch as k)
Achîm	=Aquím	RV1909 circumflex convention (ch as k)
Achîmaas	=Aquímaas	RV1909 circumflex convention (ch as k)
Achîmoth	=Aquímoth	RV1909 circumflex convention (ch as k)
Achînoam	=Aquínoam	RV1909 circumflex convention (ch as k)
Achîram	=Aquíram	RV1909 circumflex convention (ch as k)
Achîramitas	=Aquíramitas	RV1909 circumflex convention (ch as k)
Achîs	=Aquís	RV1909 circumflex convention (ch as k)
Achîtob	=Aquítob	RV1909 circumflex convention (ch as k)
Achîtophel	=Aquítophel	RV1909 circumflex convention (ch as k)
Achô	=Acó	RV1909 circumflex convention (ch as k)
Achôr	=Acór	RV1909 circumflex convention (ch as k)
Apharsachêos	=Apharsaquéos	RV1909 circumflex convention (ch as k)
Apharsathachêos	=Apharsathaquéos	RV1909 circumflex convention (ch as k)
Arachîta	=Araquíta	RV1909 circumflex convention (ch as k)
Archîpo	=Arquípo	RV1909 circumflex convention (ch as k)
Aristarchô	=Aristarcó	RV1909 circumflex convention (ch as k)
Aschênaz	=Asquénaz	RV1909 circumflex convention (ch as k)
Barachêl	=Baraquél	RV1909 circumflex convention (ch as k)
Barachîas	=Baraquías	RV1909 circumflex convention (ch as k)
Bechêr	=Bequér	RV1909 circumflex convention (ch as k)
Bechêritas	=Bequéritas	RV1909 circumflex convention (ch as k)
Bechôra	=Becóra	RV1909 circumflex convention (ch as k)
Berachîas	=Beraquías	RV1909 circumflex convention (ch as k)
Berechîas	=Berequías	RV1909 circumflex convention (ch as k)
Bochîm	=Boquím	RV1909 circumflex convention (ch as k)
Calchôl	=Calcól	RV1909 circumflex convention (ch as k)
Carchêmis	=Carquémis	RV1909 circumflex convention (ch as k)
Châm	=Cám	RV1909 circumflex convention (ch as k)
Chânaana	=Cánaana	RV1909 circumflex convention (ch as k)
Chârmi	=Cármi	RV1909 circumflex convention (ch as k)
Chârán	=Carán	RV1909 circumflex convention (ch as k)
Chêdemoth	=Quédemoth	RV1909 circumflex convention (ch as k)
Chêdes	=Quédes	RV1909 circumflex convention (ch as k)
Chêdorlaomer	=Quédorlaomer	RV1909 circumflex convention (ch as k)
Chêleal	=Quéleal	RV1909 circumflex convention (ch as k)
Chêlubai	=Quélubai	RV1909 circumflex convention (ch as k)
Chêlud	=Quélud	RV1909 circumflex convention (ch as k)
Chêluhi	=Quéluhi	RV1909 circumflex convention (ch as k)
Chêmos	=Quémos	RV1909 circumflex convention (ch as k)
Chêmuel	=Quémuel	RV1909 circumflex convention (ch as k)
Chênaana	=Quénaana	RV1909 circumflex convention (ch as k)
Chênani	=Quénani	RV1909 circumflex convention (ch as k)
Chênanías	=Quenanías	RV1909 circumflex convention (ch as k)
Chênas	=Quénas	RV1909 circumflex convention (ch as k)
Chênaz	=Quénaz	RV1909 circumflex convention (ch as k)
Chêrioth	=Quérioth	RV1909 circumflex convention (ch as k)
Chêros	=Quéros	RV1909 circumflex convention (ch as k)
Chêrub	=Quérub	RV1909 circumflex convention (ch as k)
Chêrán	=Querán	RV1909 circumflex convention (ch as k)
Chêsed	=Quésed	RV1909 circumflex convention (ch as k)
Chîo	=Quío	RV1909 circumflex convention (ch as k)
Chîr	=Quír	RV1909 circumflex convention (ch as k)
Chîriat	=Quíriat	RV1909 circumflex convention (ch as k)
Chîriataim	=Quíriataim	RV1909 circumflex convention (ch as k)
Chîriath	=Quíriath	RV1909 circumflex convention (ch as k)
Chîriathaim	=Quíriathaim	RV1909 circumflex convention (ch as k)
Chîs	=Quís	RV1909 circumflex convention (ch as k)
Chîsi	=Quísi	RV1909 circumflex convention (ch as k)
Chîthim	=Quíthim	RV1909 circumflex convention (ch as k)
Chîtlis	=Quítlis	RV1909 circumflex convention (ch as k)
Chîtron	=Quítron	RV1909 circumflex convention (ch as k)
Chîttim	=Quíttim	RV1909 circumflex convention (ch as k)
Chôdes	=Códes	RV1909 circumflex convention (ch as k)
Chôl	=Cól	RV1909 circumflex convention (ch as k)
Chônanías	=Conanías	RV1909 circumflex convention (ch as k)
Chôrasán	=Corasán	RV1909 circumflex convention (ch as k)
Chôzeba	=Cózeba	RV1909 circumflex convention (ch as k)
Chûb	=Cúb	RV1909 circumflex convention (ch as k)
Chûn	=Cún	RV1909 circumflex convention (ch as k)
Chûs	=Cús	RV1909 circumflex convention (ch as k)
EZECHÎAS	=EZECHÍAS	RV1909 circumflex convention (ch as k)
Elchânan	=Elcánan	RV1909 circumflex convention (ch as k)
Eliachîm	=Eliaquím	RV1909 circumflex convention (ch as k)
Eltechê	=Eltequé	RV1909 circumflex convention (ch as k)
Erchûeos	=Ercúeos	RV1909 circumflex convention (ch as k)
Eschôl	=Escól	RV1909 circumflex convention (ch as k)
Eutichô	=Euticó	RV1909 circumflex convention (ch as k)
Ezechîas	=Ezequías	RV1909 circumflex convention (ch as k)
Hachâlías	=Hacalías	RV1909 circumflex convention (ch as k)
Hachîla	=Haquíla	RV1909 circumflex convention (ch as k)
Hanochîtas	=Hanoquítas	RV1909 circumflex convention (ch as k)
Helchât	=Helcát	RV1909 circumflex convention (ch as k)
Helchâth	=Helcáth	RV1909 circumflex convention (ch as k)
Hizchî	=Hizquí	RV1909 circumflex convention (ch as k)
Ichâbod	=Icábod	RV1909 circumflex convention (ch as k)
Ischôd	=Iscód	RV1909 circumflex convention (ch as k)
Ismachîas	=Ismaquías	RV1909 circumflex convention (ch as k)
Issachâr	=Issacár	RV1909 circumflex convention (ch as k)
Jachân	=Jacán	RV1909 circumflex convention (ch as k)
Jachê	=Jaqué	RV1909 circumflex convention (ch as k)
Jachîn	=Jaquín	RV1909 circumflex convention (ch as k)
Jachînitas	=Jaquínitas	RV1909 circumflex convention (ch as k)
Jeberechîas	=Jeberequías	RV1909 circumflex convention (ch as k)
Jechôlía	=Jecolía	RV1909 circumflex convention (ch as k)
Jechônías	=Jeconías	RV1909 circumflex convention (ch as k)
Joachâz	=Joacáz	RV1909 circumflex convention (ch as k)
Joachîm	=Joaquím	RV1909 circumflex convention (ch as k)
Joachîn	=Joaquín	RV1909 circumflex convention (ch as k)
Jochâbed	=Jocábed	RV1909 circumflex convention (ch as k)
Jochêbed	=Joquébed	RV1909 circumflex convention (ch as k)
Josachâr	=Josacár	RV1909 circumflex convention (ch as k)
Lachîs	=Laquís	RV1909 circumflex convention (ch as k)
Lechâ	=Lecá	RV1909 circumflex convention (ch as k)
Maachâ	=Maacá	RV1909 circumflex convention (ch as k)
Maachât	=Maacát	RV1909 circumflex convention (ch as k)
Maachâti	=Maacáti	RV1909 circumflex convention (ch as k)
Machâti	=Macáti	RV1909 circumflex convention (ch as k)
Machî	=Maquí	RV1909 circumflex convention (ch as k)
Machîas	=Maquías	RV1909 circumflex convention (ch as k)
Machîel	=Maquíel	RV1909 circumflex convention (ch as k)
Machîr	=Maquír	RV1909 circumflex convention (ch as k)
Machîritas	=Maquíritas	RV1909 circumflex convention (ch as k)
Malchâm	=Malcám	RV1909 circumflex convention (ch as k)
Malchî	=Malquí	RV1909 circumflex convention (ch as k)
Malchîas	=Malquías	RV1909 circumflex convention (ch as k)
Malchîel	=Malquíel	RV1909 circumflex convention (ch as k)
Malchîelitas	=Malquíelitas	RV1909 circumflex convention (ch as k)
Malchîsua	=Malquísua	RV1909 circumflex convention (ch as k)
Mardochêo	=Mardoquéo	RV1909 circumflex convention (ch as k)
Mechêrathita	=Mequérathita	RV1909 circumflex convention (ch as k)
Mechôna	=Mecóna	RV1909 circumflex convention (ch as k)
Melchî	=Melquí	RV1909 circumflex convention (ch as k)
Melchîas	=Melquías	RV1909 circumflex convention (ch as k)
Melchîsedec	=Melquísedec	RV1909 circumflex convention (ch as k)
Melchîsedech	=Melquísedech	RV1909 circumflex convention (ch as k)
Melchîsua	=Melquísua	RV1909 circumflex convention (ch as k)
Melichâ	=Melicá	RV1909 circumflex convention (ch as k)
Menuchâ	=Menucá	RV1909 circumflex convention (ch as k)
Michâ	=Micá	RV1909 circumflex convention (ch as k)
Michâel	=Micáel	RV1909 circumflex convention (ch as k)
Michâl	=Micál	RV1909 circumflex convention (ch as k)
Michâs	=Micás	RV1909 circumflex convention (ch as k)
Michâía	=Micaía	RV1909 circumflex convention (ch as k)
Michâías	=Micaías	RV1909 circumflex convention (ch as k)
Michêas	=Miquéas	RV1909 circumflex convention (ch as k)
Milchâ	=Milcá	RV1909 circumflex convention (ch as k)
Molechêt	=Molequét	RV1909 circumflex convention (ch as k)
Nachôn	=Nacón	RV1909 circumflex convention (ch as k)
Nachôr	=Nacór	RV1909 circumflex convention (ch as k)
Nechâo	=Necáo	RV1909 circumflex convention (ch as k)
Ochôzías	=Ocozías	RV1909 circumflex convention (ch as k)
Phochêreth	=Phoquéreth	RV1909 circumflex convention (ch as k)
Pochêreth	=Poquéreth	RV1909 circumflex convention (ch as k)
Rachâb	=Racáb	RV1909 circumflex convention (ch as k)
Rachâl	=Racál	RV1909 circumflex convention (ch as k)
Rachêl	=Raquél	RV1909 circumflex convention (ch as k)
Rechâ	=Recá	RV1909 circumflex convention (ch as k)
Rechâb	=Recáb	RV1909 circumflex convention (ch as k)
Rechâbitas	=Recábitas	RV1909 circumflex convention (ch as k)
Sabtechâ	=Sabtecá	RV1909 circumflex convention (ch as k)
Sachâr	=Sacár	RV1909 circumflex convention (ch as k)
Salchâ	=Salcá	RV1909 circumflex convention (ch as k)
Sallechêt	=Sallequét	RV1909 circumflex convention (ch as k)
Samachîas	=Samaquías	RV1909 circumflex convention (ch as k)
Sechâchâ	=Secácá	RV1909 circumflex convention (ch as k)
Sechânía	=Secanía	RV1909 circumflex convention (ch as k)
Sechânías	=Secanías	RV1909 circumflex convention (ch as k)
Sechêm	=Sequém	RV1909 circumflex convention (ch as k)
Sechêmitas	=Sequémitas	RV1909 circumflex convention (ch as k)
Sedechîas	=Sedequías	RV1909 circumflex convention (ch as k)
Sennachêrib	=Sennaquérib	RV1909 circumflex convention (ch as k)
Sibechâi	=Sibecái	RV1909 circumflex convention (ch as k)
Sichâr	=Sicár	RV1909 circumflex convention (ch as k)
Sichêm	=Siquém	RV1909 circumflex convention (ch as k)
Sichêron	=Siquéron	RV1909 circumflex convention (ch as k)
Sochîas	=Soquías	RV1909 circumflex convention (ch as k)
Sochô	=Socó	RV1909 circumflex convention (ch as k)
Stachîs	=Staquís	RV1909 circumflex convention (ch as k)
Suchôt	=Sucót	RV1909 circumflex convention (ch as k)
Susanchêos	=Susanquéos	RV1909 circumflex convention (ch as k)
Syntychê	=Syntyqué	RV1909 circumflex convention (ch as k)
Tichîco	=Tiquíco	RV1909 circumflex convention (ch as k)
Tochên	=Toquén	RV1909 circumflex convention (ch as k)
Tychîco	=Tyquíco	RV1909 circumflex convention (ch as k)
Zachâi	=Zacái	RV1909 circumflex convention (ch as k)
Zachârías	=Zacarías	RV1909 circumflex convention (ch as k)
Zachû	=Zacú	RV1909 circumflex convention (ch as k)
Zachûr	=Zacúr	RV1909 circumflex convention (ch as k)
Zechêr	=Zequér	RV1909 circumflex convention (ch as k)
hacchêrem	=hacquérem	RV1909 circumflex convention (ch as k)
maachâ	=maacá	RV1909 circumflex convention (ch as k)
marchâboth	=marcáboth	RV1909 circumflex convention (ch as k)
